id,title_standard,title_alternatives,category,approximate_date,date_confidence,surviving_languages,manuscript_witnesses,primary_community_or_tradition,key_content_summary,evidence_of_historical_popularity_or_use,reasons_excluded_or_marginalized,relationship_to_canonical_texts,modern_editions_translations_digital_access,scholarly_notes,sources_count
AF-001,1 Clement,,apostolic-fathers-church-order,c. 96 CE; high,high,"Greek, Latin, Syriac, Coptic",Read in Corinth; in Codex Alexandrinus; patristic respect,Roman church to Corinth,"Exhortation to restore presbyters; order, humility, resurrection",Read in Corinth; in Codex Alexandrinus; patristic respect,Not apostolic-author scripture; local occasional letter,Uses OT extensively; echoes Paul/Hebrews,Holmes/Ehrman Loeb; CCEL,Shows Roman authority and early ecclesiology,2
AF-002,2 Clement,,apostolic-fathers-church-order,c. 120–170 CE; medium,medium,"Greek, Syriac",Manuscript with 1 Clement; church reading,Early Christian homily,"Repentance, fleshly resurrection, church as preexistent",Manuscript with 1 Clement; church reading,"Anonymous homily, not apostolic","Quotes sayings of Jesus, some noncanonical",Holmes/Ehrman,Early sermon and Jesus-tradition witness,2
AF-003,Didache,Teaching of the Twelve Apostles,apostolic-fathers-church-order,c. 80–120 CE; medium-high,high,Greek; Coptic/Ethiopic fragments,Ancient citations; included in some canon lists as disputed/useful,Syrian? early church order,"Two Ways ethics, baptism, fasting, Eucharist prayers, itinerant prophets",Ancient citations; included in some canon lists as disputed/useful,"Church manual, anonymous; not NT canon though valued","Parallels Matthew, Two Ways tradition",Holmes; Ehrman; public translations,"Crucial for early liturgy, ethics, prophets",2
AF-004,Epistle of Barnabas,,apostolic-fathers-church-order,c. 70–135 CE; medium,medium,"Greek, Latin",Codex Sinaiticus includes it after NT; citations,Alexandrian? early Christian,Allegorical Torah interpretation; Two Ways; anti-Jewish supersessionism,Codex Sinaiticus includes it after NT; citations,"Non-apostolic/contested, theological polemic; excluded",Interprets OT as Christian allegory,Holmes; Ehrman,Shows radical Christian rereading of Torah,2
AF-005,Shepherd of Hermas,,apostolic-fathers-church-order,c. 100–160 CE; high-ish,high,"Greek, Latin, Ethiopic, Coptic",Codex Sinaiticus; Muratorian Fragment says read but not among prophets/apostles; widely cited,Roman Christian prophetic-apocalyptic,"Visions, mandates, similitudes; repentance after baptism; angelic church tower",Codex Sinaiticus; Muratorian Fragment says read but not among prophets/apostles; widely cited,"Too recent, not apostolic; moral rigorism; useful but noncanonical",Uses apocalyptic imagery; church as tower,Holmes; Ehrman; Lake,One of the most popular noncanonical early Christian books,2
AF-006,Epistles of Ignatius of Antioch,,apostolic-fathers-church-order,c. 110 CE; high for middle recension,high,"Greek, Syriac, Latin",Broad early citation and manuscript tradition,Antiochene/Asia Minor Christian,"Bishop, Eucharist, martyrdom, anti-docetism",Broad early citation and manuscript tradition,Real letters but not apostolic-era scripture,Echoes Paul/John; early high Christology,Holmes; Ehrman,Important but generally not “scripture”; ecclesiology and martyrdom,2
AF-007,Polycarp to Philippians and Martyrdom of Polycarp,,apostolic-fathers-church-order,c. 110–160 CE,medium,"Greek, Latin",Eusebius; manuscript tradition; liturgical martyr cult,Asia Minor Christian,Ethical exhortation; narrative of Polycarp’s martyrdom,Eusebius; manuscript tradition; liturgical martyr cult,"Historical/martyrological, not canon",Quotes/echoes NT; martyr as Christ-imitator,Holmes; Ehrman,Early martyr theology and scriptural reception,2
AF-008,Epistle to Diognetus,,apostolic-fathers-church-order,c. 2nd c. CE; medium,medium,Greek,Single medieval manuscript lost after copies; influential modern but weak ancient use,Early Christian apologetic,Christians as third race; critique of idolatry/Jewish ritual; incarnation,Single medieval manuscript lost after copies; influential modern but weak ancient use,Limited evidence of ancient circulation; included here as borderline,Apologetic use of creation/Logos themes,Holmes/Ehrman,Borderline: significant theologically but manuscript evidence is thin,2
DC-001,Tobit,,deuterocanonical-apocrypha,3rd–2nd c. BCE; high-ish via Qumran and Greek,high,"Aramaic/Hebrew fragments; Greek; Latin, Syriac",Multiple Qumran copies; LXX; Christian manuscripts,Diaspora/Second Temple Jewish; later Christian,"Pious Tobit and Tobias; angel Raphael; demon Asmodeus; almsgiving, burial, marriage",Multiple Qumran copies; LXX; Christian manuscripts,Excluded from Tanakh/Prot OT; RC/EO canonical,"Wisdom/narrative parallels Genesis, Job; angelology",NETS; NRSV Apocrypha; Qumran editions,"Important for popular piety, angels, demons, charity",2
DC-002,Judith,,deuterocanonical-apocrypha,2nd–1st c. BCE; medium,medium,Greek primarily; later Latin/Syriac,LXX and Vulgate; church use,Hellenistic Jewish; Christian reception,Widow Judith saves Israel by killing Holofernes,LXX and Vulgate; church use,Historical/geographical fiction; excluded from Tanakh/Prot OT; RC/EO canonical,Reworks deliverance motifs from Judges/Esther,NETS; NRSV; Vulgate,Model of pious resistance and gendered heroism,2
DC-003,Greek Esther Additions,,deuterocanonical-apocrypha,2nd–1st c. BCE; medium,medium,Greek,LXX/Vulgate transmission; liturgical use,Hellenistic Jewish; Christian OT,"Adds prayers, dreams, divine references to Hebrew Esther",LXX/Vulgate transmission; liturgical use,Additions not in Hebrew rabbinic text; RC/EO canonical in expanded Esther,Theologizes canonical Esther,NETS; NRSV Apocrypha,Shows Greek Jewish discomfort with secular tone of Hebrew Esther,2
DC-004,Wisdom of Solomon,,deuterocanonical-apocrypha,late 1st c. BCE–early 1st c. CE; medium-high,high,Greek,"LXX, patristic citation; Christian liturgical use",Alexandrian Jewish,"Immortality, personified Wisdom, critique of idolatry, Exodus retelling","LXX, patristic citation; Christian liturgical use",Greek composition; excluded from Tanakh/Prot OT; RC/EO canonical,"Develops Proverbs/Wisdom, Exodus; influences Christian language about Logos/Wisdom",NETS; NRSV; critical editions,Key for Hellenistic Jewish theology of immortality and Wisdom,2
DC-005,Sirach,Ecclesiasticus; Ben Sira,deuterocanonical-apocrypha,c. 200–175 BCE Hebrew; Greek trans. c. 132 BCE; high,high,Hebrew fragments incl. Genizah/Qumran/Masada; Greek; Syriac,Extensive Hebrew fragments; cited in rabbinic literature; church use,Jerusalem wisdom school; synagogue/church use,"Ethical instruction, praise of ancestors, Torah wisdom, social order",Extensive Hebrew fragments; cited in rabbinic literature; church use,Not Tanakh though respected; RC/EO canonical; Prot apocrypha,Closest to Proverbs; praises biblical ancestors,Pancratius Beentjes Hebrew; NETS; NRSV,Major witness to pre-rabbinic wisdom and canon consciousness,2
DC-006,Baruch and Letter of Jeremiah,,deuterocanonical-apocrypha,2nd–1st c. BCE; medium,medium,Greek; possibly Hebrew/Aramaic Vorlage debated,LXX/Vulgate; church use,Hellenistic Jewish; Christian,"Confession, wisdom poem, consolation of Jerusalem; anti-idol satire",LXX/Vulgate; church use,Pseudonymous Jeremiah tradition; excluded from Tanakh/Prot OT; RC/EO canonical with variations,"Extends Jeremiah, Deuteronomy, Isaiah",NETS; NRSV,Shows diasporic repentance and anti-idol polemic,2
DC-007,Additions to Daniel: Prayer of Azariah,"Song of Three, Susanna, Bel and Dragon",deuterocanonical-apocrypha,2nd–1st c. BCE; medium,medium,Greek; Semitic originals debated,LXX/Theodotion; church liturgy,Hellenistic Jewish; Christian,Prayer and hymn in furnace; Susanna vindicated; Daniel exposes idols/dragon,LXX/Theodotion; church liturgy,Not in Hebrew/Aramaic Daniel; RC/EO canonical,Expands Daniel court-tale theology,NETS; NRSV,Important for liturgy and anti-idolatry storytelling,2
DC-008,1 Maccabees,,deuterocanonical-apocrypha,late 2nd c. BCE; high-ish,high,Hebrew original lost; Greek surviving,LXX/church transmission; historical use,Hasmonean Judean history,Revolt against Seleucids; Hasmonean rule; temple rededication,LXX/church transmission; historical use,Hasmonean politics; excluded Tanakh/Prot OT; RC/EO canonical,Continues biblical historiography; basis for Hanukkah history,NETS; NRSV,Primary historical source for Maccabean revolt,2
DC-009,2 Maccabees,,deuterocanonical-apocrypha,c. 124–63 BCE; high-ish,high,Greek,LXX/church use; influential martyr stories,Diaspora Jewish epitome of Jason of Cyrene,"Temple, martyrdom, resurrection, prayers for dead",LXX/church use; influential martyr stories,Excluded Tanakh/Prot OT; RC/EO canonical,Theological historiography; martyrdom influences Christian thought,NETS; NRSV,"Key for resurrection, martyrdom, intercession for dead",2
DC-010,3 Maccabees,,deuterocanonical-apocrypha,1st c. BCE–1st c. CE; medium,medium,Greek,Orthodox canons/manuscripts,Alexandrian Jewish,Ptolemy IV persecutes Egyptian Jews; miraculous deliverance,Orthodox canons/manuscripts,Limited geography; not RC/Prot/Tanakh; EO often included,Exodus/Esther-like deliverance narrative,NETS; NRSV Apocrypha in some editions,Diaspora persecution and divine deliverance,2
DC-011,4 Maccabees,,deuterocanonical-apocrypha,1st c. CE; medium-high,high,Greek,Church manuscripts; Orthodox appendix use,Hellenistic Jewish philosophical martyrdom,Reason mastering passions; Maccabean martyrs as exemplars,Church manuscripts; Orthodox appendix use,"Philosophical homily, not broad canon",Reuses 2 Maccabees martyr stories with Stoic ethics,NETS; NRSV Apocrypha,Bridges Jewish martyrdom and Greco-Roman moral philosophy,2
DC-012,1 Esdras,Greek Ezra; 3 Ezra,deuterocanonical-apocrypha,2nd–1st c. BCE; medium,medium,Greek,LXX; Orthodox and Vulgate appendix traditions,Hellenistic Jewish; Christian,Reorders Ezra-Nehemiah/Chronicles; includes debate of three guards,LXX; Orthodox and Vulgate appendix traditions,Duplicate/variant Ezra tradition; not Tanakh/Prot core,Alternative form of Ezra-Nehemiah,NETS; NRSV,Textual witness to fluid Ezra traditions,2
DC-013,2 Esdras,4 Ezra + Christian additions,deuterocanonical-apocrypha,Jewish apocalypse c. 90–100 CE; Christian additions later; medium,medium,"Latin, Syriac, Ethiopic, Armenian; Greek lost",Wide Christian versional transmission,Jewish apocalyptic; Christian transmission,"Ezra questions God after Jerusalem’s fall; visions of eagle, man from sea; final revelation",Wide Christian versional transmission,Post-70 apocalypse; excluded from most canons; Slavonic/Ethiopic/appendix status varies,"Closely parallels Daniel, Revelation themes",Stone; NRSV Apocrypha,Central post-destruction Jewish theodicy,2
DC-014,Prayer of Manasseh,,deuterocanonical-apocrypha,2nd c. BCE–1st c. CE? low-medium,low-medium,Greek; Syriac; Latin,Manuscripts; Orthodox liturgy; Vulgate appendix,Jewish penitential prayer; Christian liturgical,King Manasseh repents; divine mercy,Manuscripts; Orthodox liturgy; Vulgate appendix,"Short liturgical expansion, limited canon status",Expands 2 Chronicles 33,NETS; NRSV,Influential penitential theology,2
DC-015,Psalm 151 and Syriac Psalms 152–155,,deuterocanonical-apocrypha,2nd Temple origins for 151; medium,medium,Hebrew at Qumran for 151; Greek/Syriac,Qumran and LXX for 151; Syriac transmission,Jewish psalmic expansion; Orthodox/Ethiopic,Davidic autobiographical psalm; extra psalms vary,Qumran and LXX for 151; Syriac transmission,Outside Masoretic Psalter; 151 in EO canon,Expands David traditions,DSS editions; NETS,Shows Psalter boundaries remained fluid,2
DSS-001,Community Rule,Serekh ha-Yahad; 1QS,dead-sea-scrolls-qumran,c. 150–50 BCE composition/copies; medium-high,high,Hebrew,Multiple copies at Qumran; central sectarian rule text,Qumran/sectarian Yahad,"Admission rules, communal discipline, dualistic theology of spirits, purity, leadership",Multiple copies at Qumran; central sectarian rule text,"Sectarian rulebook tied to a specific separatist community, not broader canon","Uses Torah, prophets, covenant language; parallels later communal monastic rules",DSS Study Edition; DJD; Leon Levy,"Shows lived theology: predestination, dualism, purity, communal authority",2
DSS-002,Damascus Document,CD; Zadokite Fragments,dead-sea-scrolls-qumran,c. 2nd–1st c. BCE; copies at Qumran and medieval Cairo Genizah,medium,Hebrew,Qumran copies plus Cairo Genizah medieval copies prove long transmission,Qumran-related/Zadokite sect,"History of sect, covenant renewal, legal interpretation, admonitions",Qumran copies plus Cairo Genizah medieval copies prove long transmission,Sectarian halakhah and polemic; not accepted by rabbinic mainstream,"Reinterprets Torah, prophetic judgment, wilderness covenant",Schechter fragments; DJD; DSS Study Edition,Major bridge between Qumran and Genizah; shows alternative Jewish law,2
DSS-003,War Scroll,War of Sons of Light against Sons of Darkness; 1QM,dead-sea-scrolls-qumran,c. 1st c. BCE; medium-high,high,Hebrew,Multiple fragments; prominent complete-ish scroll,Qumran apocalyptic-military,"Eschatological war, angelic hosts, priestly trumpets, battle liturgy",Multiple fragments; prominent complete-ish scroll,Apocalyptic sectarian militarism; failed historical horizon,Expands Danielic/apocalyptic war motifs; uses priestly liturgy,DSS Study Edition; DJD,Key evidence for angelic-war cosmology,2
DSS-004,Thanksgiving Hymns,Hodayot; 1QHa,dead-sea-scrolls-qumran,c. 2nd–1st c. BCE; medium,medium,Hebrew,Large manuscript plus fragments; likely communal/liturgical use,Qumran liturgical/sectarian,"First-person hymns of election, suffering, knowledge, divine grace",Large manuscript plus fragments; likely communal/liturgical use,"Sectarian hymnic corpus, not broadly canonical","Echoes Psalms, prophets, wisdom; distinctive Teacher-like voice",DSS Study Edition; DJD,Shows devotional theology outside Psalter,2
DSS-005,Pesher Habakkuk,1QpHab,dead-sea-scrolls-qumran,c. late 1st c. BCE; high for copy,high,Hebrew,Substantial scroll; model for pesharim,Qumran interpretive school,Line-by-line interpretation of Habakkuk as fulfilled in community history; Teacher of Righteousness vs Wicked Priest,Substantial scroll; model for pesharim,"Commentary, local sectarian exegesis, not scripture itself",Treats Habakkuk as prophecy of contemporary events,DSS Study Edition; Leon Levy,Crucial for how ancient groups read scripture as directly predictive,2
DSS-006,Temple Scroll,11QTemple,dead-sea-scrolls-qumran,c. 2nd–1st c. BCE; medium,medium,Hebrew,Longest DSS; multiple copies/fragments,Qumran / broader priestly legal tradition,"Rewritten Torah in divine first-person; ideal temple, festivals, purity, king law",Longest DSS; multiple copies/fragments,Alternative Torah/temple law displaced by rabbinic and Christian canons,Rewrites Exodus–Deuteronomy; sometimes presents itself with Torah-like authority,Yadin; DJD; DSS Study Edition,One of the strongest examples of “new Torah” authority outside canon,2
DSS-007,Genesis Apocryphon,Tales of the Patriarchs; 1QapGen,dead-sea-scrolls-qumran,c. 2nd–1st c. BCE copy; composition perhaps earlier,medium,Aramaic,Major Aramaic scroll; related to Enoch/Jubilees tradition,Jewish rewritten Bible,"Expands Genesis stories of Lamech, Noah, Abraham, Sarah, Pharaoh",Major Aramaic scroll; related to Enoch/Jubilees tradition,"Rewritten narrative, not accepted as scripture in rabbinic canon",Expands Genesis with legendary detail,DJD; Fitzmyer; Leon Levy,Shows imaginative patriarchal expansion and Aramaic scriptural storytelling,2
DSS-008,4QMMT,Some Works of the Law,dead-sea-scrolls-qumran,c. late 2nd–1st c. BCE; medium,medium,Hebrew,Several fragmentary copies,Qumran halakhic polemic,"Legal rulings on purity, calendar, temple practice; appeal to separate from opponents",Several fragmentary copies,Sectarian legal letter; not suitable as broad canon,Interprets Torah; illuminates “works of the law” debates,DJD; Qimron-Strugnell,Important for Second Temple legal diversity and Pauline-background debates,2
DSS-009,Songs of the Sabbath Sacrifice,Angelic Liturgy,dead-sea-scrolls-qumran,c. 2nd–1st c. BCE; medium,medium,Hebrew,Copies at Qumran and Masada imply wider use,Qumran and Masada; priestly mystical/liturgical,Thirteen sabbath songs describing heavenly temple worship and angelic priesthood,Copies at Qumran and Masada imply wider use,Esoteric liturgy; not later biblical canon,Develops Ezekiel/Isaiah temple-throne imagery,DJD; Newsom,Major precursor for Jewish mystical/heavenly liturgy traditions,2
DSS-010,Aramaic Levi Document,,dead-sea-scrolls-qumran,3rd–2nd c. BCE composition; medium,medium,"Aramaic, Greek fragments",Qumran fragments; Genizah fragments; Greek parallels,Jewish priestly wisdom/apocalyptic,"Levi’s priestly instruction, purity, sacrifice, wisdom",Qumran fragments; Genizah fragments; Greek parallels,Pseudepigraphic priestly testament; not rabbinic canon,Related to Testament of Levi and Jubilees,Greenfield-Stone-Eshel; DJD,Priesthood as heavenly wisdom; important for Levi traditions,2
DSS-011,Book of Giants,,dead-sea-scrolls-qumran,3rd–1st c. BCE; medium,medium,Aramaic; later Manichaean versions in Middle Iranian languages,Multiple Qumran fragments; Manichaean transmission across Asia,Enochic Jewish apocalyptic; later Manichaean reception,Giants born of Watchers receive dreams of judgment,Multiple Qumran fragments; Manichaean transmission across Asia,Mythic Watcher traditions marginalized in rabbinic/orthodox canons,Expands Genesis 6 and 1 Enoch Watcher myth,DJD; Reeves,Shows international afterlife of Enochic myth,2
DSS-012,New Jerusalem texts,,dead-sea-scrolls-qumran,2nd–1st c. BCE; low-medium,low-medium,Aramaic,Multiple Qumran copies,Jewish apocalyptic/visionary,Visionary measurements of eschatological city/temple,Multiple Qumran copies,"Fragmentary visionary architecture, local eschatological use",Parallels Ezekiel 40–48 and Revelation 21,DJD,Maps divine-city imagination before Revelation,2
DSS-013,Rule of the Congregation,1QSa; Messianic Rule,dead-sea-scrolls-qumran,c. 1st century BCE copy; composition probably late Second Temple; medium confidence,medium,Hebrew,1QSa / 1Q28a,Qumran/Yahad sectarian community,"Regulations for an eschatological congregation of Israel, including priestly precedence and messianic banquet imagery.","Single major Qumran witness, but attached to the Community Rule complex and thus important for sectarian organization and messianism.",Sectarian community rule and eschatological protocol rather than broadly received scripture.,"Develops Torah purity, leadership, and messianic banquet expectations; adjacent to Community Rule traditions.",DSS Study Edition; DJD; Leon Levy DSS Digital Library record where available.,Added in v0.2 as a priority Qumran rule text.,2
DSS-014,Rule of Blessings,1QSb; Blessings,dead-sea-scrolls-qumran,c. 1st century BCE copy; medium confidence,medium,Hebrew,1QSb / 1Q28b,Qumran/Yahad sectarian liturgical community,"Blessings for the faithful, priests, and a prince/messianic figure within the community’s eschatological imagination.",Single substantial Cave 1 witness associated with the Serekh manuscript complex.,Community-specific blessing/liturgy outside later Jewish and Christian canons.,Uses biblical blessing and priestly idiom; related to Numbers/Deuteronomy blessing traditions.,DSS Study Edition; DJD; Leon Levy DSS Digital Library record where available.,Added in v0.2 as companion to Community Rule material.,2
DSS-015,Copper Scroll,3Q15,dead-sea-scrolls-qumran,c. 1st century CE copy; medium-high confidence,medium-high,Hebrew,"3Q15, inscribed on copper sheets",Judaean desert / Qumran-associated deposit; exact community debated,Inventory of hidden treasures with place clues and quantities; unlike literary sectarian works.,Unique witness; historically important due to material format and treasure-list genre rather than multiple copies.,Documentary/inventory text; no evidence of canonical or liturgical reception.,"Indirectly relates to temple/treasury concerns, not a rewritten biblical text.",DJD; specialist editions; Leon Levy DSS Digital Library images/metadata where available.,Borderline for “religious text” but important as a major Qumran manuscript.,2
DSS-016,11QMelchizedek,11Q13; Melchizedek pesher,dead-sea-scrolls-qumran,c. late 2nd–1st century BCE composition/copy; medium confidence,medium,Hebrew,11Q13,Qumran apocalyptic/exegetical tradition,Interprets jubilee release and judgment texts around an exalted Melchizedek figure who proclaims liberty and judges Belial.,Single fragmentary but highly significant witness; intensive scriptural interpretation of Leviticus/Isaiah/Psalms.,Esoteric sectarian interpretation with angelic/exalted Melchizedek figure outside later canon boundaries.,"Interprets Leviticus 25, Deuteronomy 15, Isaiah 52/61, Psalms; relevant comparison to Hebrews’ Melchizedek use without assuming dependence.",DSS Study Edition; DJD; Leon Levy DSS Digital Library record where available.,High-priority v0.2 addition for messianic/apocalyptic exegesis.,2
DSS-017,Instruction,4QInstruction; Sapiential Work A; Musar le-Mevin,dead-sea-scrolls-qumran,c. late 3rd–1st century BCE; medium confidence,medium,Hebrew,Multiple 4Q manuscripts usually designated 4Q415–4Q418 and related fragments,Second Temple Jewish wisdom-apocalyptic circles; copied at Qumran,"Wisdom instruction for the understanding person, mixing practical ethics, poverty/wealth advice, and revealed cosmic mystery.",Multiple manuscript witnesses at Qumran indicate significant copying/use.,Wisdom instruction outside later biblical collections; preserved only fragmentarily in Qumran corpus.,Related to Proverbs/Sirach/Wisdom traditions and apocalyptic revelation language.,DJD; DSS Study Edition; specialist studies by Strugnell/Harrington and others.,Important for the intersection of wisdom and apocalyptic “mystery.”,2
DSS-018,Prayer of Nabonidus,4QPrNab; 4Q242,dead-sea-scrolls-qumran,2nd–1st century BCE copy; composition earlier debated; medium confidence,medium,Aramaic,4Q242,Second Temple Aramaic Jewish court/apocalyptic tradition; copied at Qumran,Babylonian king Nabonidus suffers disease and is healed after prayer and instruction by a Jewish diviner/exorcist.,Single fragmentary Qumran witness but important due to close relationship with Danielic king-madness traditions.,Fragmentary rewritten court legend; not incorporated into later Daniel canon.,"Strong thematic comparison with Daniel 4, where Nebuchadnezzar rather than Nabonidus is humbled/healed.",DJD; DSS Study Edition.,Shows fluid Daniel-adjacent court legend traditions in Aramaic.,2
DSS-019,Apocryphal Psalms,11Q5; 11QPsa; Psalms Scroll,dead-sea-scrolls-qumran,1st century CE manuscript; compositions include earlier psalmic material; high for manuscript,high,Hebrew,11Q5 / 11QPsa and related psalm manuscripts,Qumran and wider late Second Temple psalmic tradition,Psalms collection with variant order and additional compositions such as Psalm 151 and other Davidic/apocryphal psalms.,Major Cave 11 scroll; demonstrates fluidity of Psalter shape and continued psalm composition.,Some compositions remained outside the rabbinic Psalter; status varies for Psalm 151 in Christian traditions.,Directly adjacent to canonical Psalms and David traditions.,DSS Study Edition; DJD; editions of 11QPsa.,Use as a control for fluid canonical boundaries rather than a single text only.,2
DSS-020,Barkhi Nafshi,"Bless, O My Soul; 4Q434–4Q438",dead-sea-scrolls-qumran,2nd–1st century BCE copies; medium confidence,medium,Hebrew,4Q434–4Q438 and related fragments,Qumran / late Second Temple Jewish liturgical tradition,"Hymnic blessings and praise using the phrase “Bless, O my soul,” with themes of divine mercy and deliverance.",Multiple fragmentary copies at Qumran suggest repeated copying and liturgical/devotional use.,Liturgical/hymnic collection outside the later Psalter.,"Echoes Psalms, especially blessing formulas such as Psalms 103–104.",DJD; DSS Study Edition.,Added to strengthen Qumran liturgical coverage.,2
DSS-021,Pesher Nahum,4QpNah; 4Q169,dead-sea-scrolls-qumran,1st century BCE copy; medium-high confidence,medium-high,Hebrew,4Q169,Qumran interpretive school,"Sectarian commentary interpreting Nahum against contemporary opponents, often connected to Hasmonean-era conflicts.",Substantial pesher witness; part of broader Qumran commentary practice.,Local sectarian commentary tied to historical polemic.,Interprets the canonical book of Nahum as prophecy fulfilled in the community’s era.,DJD; DSS Study Edition.,Added as a pesher beyond Habakkuk.,2
DSS-022,Pesher Isaiah,4QpIsaiah; Isaiah pesharim,dead-sea-scrolls-qumran,1st century BCE–1st century CE copies; medium confidence,medium,Hebrew,"Several fragmentary Isaiah pesharim from Cave 4, commonly including 4Q161–4Q164 designations",Qumran interpretive school,"Sectarian interpretations of Isaiah passages applied to end-time events, community identity, and opponents.",Multiple fragmentary Isaiah commentary witnesses; Isaiah was especially important at Qumran.,"Exegetical application to sectarian history and eschatology, not a received scriptural book.",Depends directly on Isaiah; demonstrates Second Temple prophetic interpretation.,DJD; DSS Study Edition.,Added as part of pesharim coverage beyond Habakkuk.,2
DSS-023,Mishmarot and calendrical texts,Priestly courses texts; Calendrical documents,dead-sea-scrolls-qumran,2nd–1st century BCE copies; medium confidence,medium,Hebrew,"Multiple Qumran manuscripts, especially from Cave 4, including mishmarot/calendrical designations",Qumran priestly/legal calendar tradition,"Calendrical calculations, priestly courses, festivals, and synchronisms reflecting a structured liturgical calendar.",Multiple manuscripts show strong community investment in calendar and priestly service order.,Technical sectarian calendar materials tied to contested 364-day calendar and priestly order.,"Relates to priestly courses, festivals, Genesis/Jubilees chronology, and Torah calendar law.","DJD; DSS Study Edition; calendrical studies by Talmon, Ben-Dov, and others.",Record groups a family of related documents; item-level split is a future task.,2
DSS-024,Florilegium,4QFlorilegium; 4Q174; Eschatological Midrash,dead-sea-scrolls-qumran,1st century BCE copy; medium-high confidence,medium-high,Hebrew,4Q174,Qumran exegetical/apocalyptic tradition,"Collects and interprets passages such as 2 Samuel 7 and Psalms around temple, Davidic, and eschatological expectations.",Single but influential Qumran exegetical manuscript; often studied for messianism and scriptural interpretation.,"Interpretive anthology tied to community eschatology, not a biblical book.","Directly cites/interprets Samuel, Psalms, and other scriptural materials.",DJD; DSS Study Edition.,Added as a key thematic exegetical text.,2
DSS-COLL-001,"Dead Sea Scrolls biblical manuscripts, collection-level control record",,dead-sea-scrolls-qumran,"c. 250 BCE–68 CE manuscripts; high confidence by paleography, archaeology, radiocarbon",high,"Hebrew, Aramaic, Greek","Hundreds of biblical manuscripts; Isaiah, Psalms, Deuteronomy especially frequent",Qumran and wider Judean scribal culture,"Copies of nearly all later Tanakh books plus textual forms close to Masoretic, Septuagintal, and Samaritan traditions","Hundreds of biblical manuscripts; Isaiah, Psalms, Deuteronomy especially frequent",Not excluded as texts; included here to compare textual fluidity and Qumran’s scriptural environment,Shows pre-rabbinic pluriformity of canonical books,Leon Levy DSS Digital Library; DJD; Tov,Essential baseline: the community’s “Bible” was not identical to later fixed rabbinic form,2
NH-001,Apocryphon of John,Secret Book of John,nag-hammadi-gnostic,2nd c. CE; high,high,Coptic multiple recensions; Greek known to Irenaeus?,Four Coptic manuscripts incl. Nag Hammadi/Berlin; Irenaeus describes similar myth,Sethian Gnostic,"Risen Christ reveals divine pleroma, Sophia’s fall, ignorant demiurge, creation, salvation by knowledge",Four Coptic manuscripts incl. Nag Hammadi/Berlin; Irenaeus describes similar myth,Demiurge theology contradicted Jewish/orthodox creation doctrine; gnostic association,Rewrites Genesis creation and John-like revelation,Nag Hammadi Library; Layton; Waldstein-Wisse,Central mythic map of classic gnostic cosmology,2
NH-002,Hypostasis of the Archons,,nag-hammadi-gnostic,3rd c. CE? medium,medium,Coptic,Nag Hammadi,Sethian/gnostic,"Rulers’ origin, creation of humanity, Eve/Norea, salvation",Nag Hammadi,Anti-cosmic reinterpretation of Genesis; heterodox,Rewrites Genesis 1–6,Nag Hammadi Library,Female revealer/Norea and archon cosmology,2
NH-003,On the Origin of the World,,nag-hammadi-gnostic,3rd c. CE? medium,medium,Coptic,Nag Hammadi copies,Gnostic synthesis,"Elaborate cosmology from chaos to rulers, Adam/Eve, flood, end",Nag Hammadi copies,Mythic syncretism; noncanonical,"Rewrites Genesis, Plato-like cosmology",Nag Hammadi Library,Encyclopedic gnostic cosmology,2
NH-004,Gospel of the Egyptians,Holy Book of Great Invisible Spirit,nag-hammadi-gnostic,2nd–3rd c. CE; medium,medium,Coptic,Multiple Nag Hammadi copies,Sethian,Sethian baptismal/liturgical revelation; heavenly powers,Multiple Nag Hammadi copies,Esoteric Sethian ritual text,Uses biblical Seth/Adam motifs,Nag Hammadi Library,Key for Sethian identity and ritual,2
NH-005,Apocalypse of Adam,,nag-hammadi-gnostic,1st–2nd c. CE? debated; medium,medium,Coptic,Nag Hammadi,"Sethian, possibly Jewish gnostic roots","Adam reveals flood, persecution of illuminator, salvation of seed",Nag Hammadi,Non-mainstream revealer myth,Reworks Genesis and apocalyptic prophecy,Nag Hammadi Library,Possible non-Christian gnostic apocalypse,2
NH-006,Three Steles of Seth,,nag-hammadi-gnostic,3rd c. CE? medium,medium,Coptic,Nag Hammadi,Sethian/Platonizing,Hymnic ascent through Barbelo/Sethian triad,Nag Hammadi,Esoteric liturgy; philosophical gnosticism,Loosely biblical Seth,Layton; Nag Hammadi,Shows contemplative ascent practice,2
NH-007,Zostrianos,,nag-hammadi-gnostic,3rd c. CE; medium,medium,Coptic,Nag Hammadi; Plotinus circle may know related texts,Sethian Platonizing,Visionary ascent through aeons with baptismal seals,Nag Hammadi; Plotinus circle may know related texts,Rejected by Neoplatonists and Christians; esoteric,Minimal direct canon relation,Nag Hammadi Library; Turner,Important for interaction of gnosticism and Platonism,2
NH-008,Allogenes,,nag-hammadi-gnostic,3rd c. CE; medium,medium,Coptic,Nag Hammadi; Porphyry mentions Allogenes-type texts?,Sethian Platonizing,Stranger receives revelations of Invisible Spirit; negative theology,Nag Hammadi; Porphyry mentions Allogenes-type texts?,Esoteric metaphysics,Minimal biblical relation,Nag Hammadi Library,Negative theology and ascent,2
NH-009,Trimorphic Protennoia,,nag-hammadi-gnostic,2nd–3rd c. CE; medium,medium,Coptic,Nag Hammadi,Sethian,First Thought descends in three forms to awaken the elect,Nag Hammadi,Esoteric revealer myth,Parallels Johannine Logos language,Nag Hammadi Library,Feminine divine voice and salvation by awakening,2
NH-010,"Thunder, Perfect Mind",,nag-hammadi-gnostic,2nd–3rd c. CE; medium,medium,Coptic,Nag Hammadi,Gnostic-adjacent wisdom poem,"Paradoxical female “I am” revelation: honored/despised, knowledge/ignorance",Nag Hammadi,Not clearly ecclesial; esoteric poem,Parallels Wisdom/Isis-style aretalogies,Nag Hammadi Library,Striking divine feminine/self-revelation text,2
NH-011,Second Treatise of the Great Seth,,nag-hammadi-gnostic,3rd c. CE; medium,medium,Coptic,Nag Hammadi,"Gnostic Christian, docetic",Christ laughs at ignorant rulers; true Christ not crucified as thought,Nag Hammadi,Docetic anti-orthodox passion theology,Contradicts canonical passion realism,Nag Hammadi Library,Radical alternative interpretation of crucifixion,2
NH-012,Coptic Apocalypse of Peter,,nag-hammadi-gnostic,3rd c. CE; medium,medium,Coptic,Nag Hammadi,Gnostic Christian,Peter sees true savior above cross; critique of bishops/orthodox,Nag Hammadi,"Anti-institutional, docetic/gnostic",Reinterprets Peter and passion,Nag Hammadi Library,Dissenting authority polemic,2
NH-013,Sophia of Jesus Christ,,nag-hammadi-gnostic,2nd–3rd c. CE; medium,medium,Coptic; Greek fragments,Nag Hammadi and Berlin Codex,Gnostic Christian,Risen Jesus reveals heavenly beings and salvation,Nag Hammadi and Berlin Codex,Esoteric cosmology,Post-resurrection dialogue genre,Nag Hammadi Library,Dialogic revelation form,2
NH-014,Eugnostos the Blessed,,nag-hammadi-gnostic,1st–2nd c. CE? medium,medium,Coptic; Greek fragment?,Two Nag Hammadi copies; related to Sophia of Jesus Christ,Non-Christian or Christianized gnostic wisdom,Philosophical revelation about transcendent God and aeons,Two Nag Hammadi copies; related to Sophia of Jesus Christ,Esoteric metaphysical tractate,Limited biblical content,Nag Hammadi Library,Shows pre-/non-Christian gnostic speculation possibly adapted by Christians,2
NH-015,Pistis Sophia,,nag-hammadi-gnostic,3rd–4th c. CE; medium,medium,Coptic,Askew Codex; influential in modern study,Later gnostic Christian,"Risen Jesus teaches disciples; Sophia’s fall/repentance; cosmic ranks, mysteries",Askew Codex; influential in modern study,"Late, esoteric, complex cosmology",Uses Jesus/apostles as revealers beyond NT,Schmidt/MacDermot; public translations,Major late antique gnostic compendium outside Nag Hammadi,2
NH-016,Books of Jeu,,nag-hammadi-gnostic,3rd–4th c. CE; medium,medium,Coptic,Bruce Codex,Later gnostic ritual,"Jesus reveals seals, diagrams, baptisms, heavenly passage",Bruce Codex,Esoteric ritual manuals,Post-resurrection secret teaching,Schmidt/MacDermot,Evidence for ritualized ascent/salvation technology,2
NH-017,Dialogue of the Savior,"NHC III,5",nag-hammadi-gnostic,2nd–4th century CE composition/copy; exact date debated; medium-low confidence,low-medium,Coptic; earlier Greek composition or sources often hypothesized but not always extant,"NHC III,5",Nag Hammadi / Gnostic Christian or related late antique esoteric tradition,"Revelatory dialogue between the Savior and disciples, including ascent, rest, and instruction motifs.",Nag Hammadi codex preservation; circulation beyond that codex is text-specific and often uncertain.,"Associated with esoteric, gnostic, Valentinian, Sethian, or otherwise non-mainstream theological circles; not received in later catholic/orthodox/protestant canons.",Post-resurrection discourse related to sayings/dialogue traditions.,Nag Hammadi Library in English; Coptic Gnostic Library / Brill editions; Layton where applicable.,Added in v0.2 to expand Nag Hammadi tractate coverage; item-level dating and witnesses need further source pass.,2
NH-018,Exegesis on the Soul,"NHC II,6",nag-hammadi-gnostic,2nd–4th century CE composition/copy; exact date debated; medium-low confidence,low-medium,Coptic; earlier Greek composition or sources often hypothesized but not always extant,"NHC II,6",Nag Hammadi / Gnostic Christian or related late antique esoteric tradition,Allegorical myth of the soul as a fallen woman restored through repentance and bridal reunion.,Nag Hammadi codex preservation; circulation beyond that codex is text-specific and often uncertain.,"Associated with esoteric, gnostic, Valentinian, Sethian, or otherwise non-mainstream theological circles; not received in later catholic/orthodox/protestant canons.","Uses prophetic, gospel, and mythic imagery in a Christian-gnostic moral allegory.",Nag Hammadi Library in English; Coptic Gnostic Library / Brill editions; Layton where applicable.,Added in v0.2 to expand Nag Hammadi tractate coverage; item-level dating and witnesses need further source pass.,2
NH-019,Authoritative Teaching,"Authentikos Logos; NHC VI,3",nag-hammadi-gnostic,2nd–4th century CE composition/copy; exact date debated; medium-low confidence,low-medium,Coptic; earlier Greek composition or sources often hypothesized but not always extant,"Authentikos Logos; NHC VI,3",Nag Hammadi / Gnostic Christian or related late antique esoteric tradition,"Instructional discourse on the soul’s descent, passions, and return to spiritual life.",Nag Hammadi codex preservation; circulation beyond that codex is text-specific and often uncertain.,"Associated with esoteric, gnostic, Valentinian, Sethian, or otherwise non-mainstream theological circles; not received in later catholic/orthodox/protestant canons.",Uses sapiential and ascetic themes rather than direct narrative canon expansion.,Nag Hammadi Library in English; Coptic Gnostic Library / Brill editions; Layton where applicable.,Added in v0.2 to expand Nag Hammadi tractate coverage; item-level dating and witnesses need further source pass.,2
NH-020,Tripartite Tractate,"NHC I,5",nag-hammadi-gnostic,2nd–4th century CE composition/copy; exact date debated; medium-low confidence,low-medium,Coptic; earlier Greek composition or sources often hypothesized but not always extant,"NHC I,5",Nag Hammadi / Gnostic Christian or related late antique esoteric tradition,"Large Valentinian theological treatise on Father, Son, aeons, fall, creation, and restoration.",Nag Hammadi codex preservation; circulation beyond that codex is text-specific and often uncertain.,"Associated with esoteric, gnostic, Valentinian, Sethian, or otherwise non-mainstream theological circles; not received in later catholic/orthodox/protestant canons.","Systematic Valentinian reinterpretation of creation, salvation, and church identity.",Nag Hammadi Library in English; Coptic Gnostic Library / Brill editions; Layton where applicable.,Added in v0.2 to expand Nag Hammadi tractate coverage; item-level dating and witnesses need further source pass.,2
NH-021,Valentinian Exposition,"NHC XI,2",nag-hammadi-gnostic,2nd–4th century CE composition/copy; exact date debated; medium-low confidence,low-medium,Coptic; earlier Greek composition or sources often hypothesized but not always extant,"NHC XI,2",Nag Hammadi / Gnostic Christian or related late antique esoteric tradition,Fragmentary Valentinian exposition with associated liturgical/sacramental pieces.,Nag Hammadi codex preservation; circulation beyond that codex is text-specific and often uncertain.,"Associated with esoteric, gnostic, Valentinian, Sethian, or otherwise non-mainstream theological circles; not received in later catholic/orthodox/protestant canons.",Reflects Valentinian myth and sacramental theology in relation to Christian tradition.,Nag Hammadi Library in English; Coptic Gnostic Library / Brill editions; Layton where applicable.,Added in v0.2 to expand Nag Hammadi tractate coverage; item-level dating and witnesses need further source pass.,2
NH-022,Paraphrase of Shem,"NHC VII,1",nag-hammadi-gnostic,2nd–4th century CE composition/copy; exact date debated; medium-low confidence,low-medium,Coptic; earlier Greek composition or sources often hypothesized but not always extant,"NHC VII,1",Nag Hammadi / Gnostic Christian or related late antique esoteric tradition,"Long revelatory apocalypse to Shem concerning cosmic powers, nature, and salvation.",Nag Hammadi codex preservation; circulation beyond that codex is text-specific and often uncertain.,"Associated with esoteric, gnostic, Valentinian, Sethian, or otherwise non-mainstream theological circles; not received in later catholic/orthodox/protestant canons.",Uses biblical patriarch Shem as revealer in a noncanonical apocalypse.,Nag Hammadi Library in English; Coptic Gnostic Library / Brill editions; Layton where applicable.,Added in v0.2 to expand Nag Hammadi tractate coverage; item-level dating and witnesses need further source pass.,2
NH-023,Melchizedek,"NHC IX,1",nag-hammadi-gnostic,2nd–4th century CE composition/copy; exact date debated; medium-low confidence,low-medium,Coptic; earlier Greek composition or sources often hypothesized but not always extant,"NHC IX,1",Nag Hammadi / Gnostic Christian or related late antique esoteric tradition,Fragmentary tractate portraying Melchizedek in revelatory and possibly christological/sacrificial terms.,Nag Hammadi codex preservation; circulation beyond that codex is text-specific and often uncertain.,"Associated with esoteric, gnostic, Valentinian, Sethian, or otherwise non-mainstream theological circles; not received in later catholic/orthodox/protestant canons.",Reworks the biblical Melchizedek figure known from Genesis/Psalms/Hebrews.,Nag Hammadi Library in English; Coptic Gnostic Library / Brill editions; Layton where applicable.,Added in v0.2 to expand Nag Hammadi tractate coverage; item-level dating and witnesses need further source pass.,2
NH-024,Thought of Norea,"NHC IX,2",nag-hammadi-gnostic,2nd–4th century CE composition/copy; exact date debated; medium-low confidence,low-medium,Coptic; earlier Greek composition or sources often hypothesized but not always extant,"NHC IX,2",Nag Hammadi / Gnostic Christian or related late antique esoteric tradition,"Short revelation involving Norea and archontic opposition, connected to Sethian mythic tradition.",Nag Hammadi codex preservation; circulation beyond that codex is text-specific and often uncertain.,"Associated with esoteric, gnostic, Valentinian, Sethian, or otherwise non-mainstream theological circles; not received in later catholic/orthodox/protestant canons.",Expands Genesis flood/family mythology through the figure of Norea.,Nag Hammadi Library in English; Coptic Gnostic Library / Brill editions; Layton where applicable.,Added in v0.2 to expand Nag Hammadi tractate coverage; item-level dating and witnesses need further source pass.,2
NH-025,Marsanes,"NHC X,1",nag-hammadi-gnostic,2nd–4th century CE composition/copy; exact date debated; medium-low confidence,low-medium,Coptic; earlier Greek composition or sources often hypothesized but not always extant,"NHC X,1",Nag Hammadi / Gnostic Christian or related late antique esoteric tradition,Highly fragmentary Sethian/Platonizing ascent and revelation text with technical metaphysical vocabulary.,Nag Hammadi codex preservation; circulation beyond that codex is text-specific and often uncertain.,"Associated with esoteric, gnostic, Valentinian, Sethian, or otherwise non-mainstream theological circles; not received in later catholic/orthodox/protestant canons.",Part of ascent/metaphysical literature with limited direct canonical narrative relation.,Nag Hammadi Library in English; Coptic Gnostic Library / Brill editions; Layton where applicable.,Added in v0.2 to expand Nag Hammadi tractate coverage; item-level dating and witnesses need further source pass.,2
NTA-A-001,Acts of Paul and Thecla,,new-testament-apocrypha-acts-epistles-apocalypses,late 2nd c. CE; medium-high,high,"Greek, Latin, Syriac, Armenian, Coptic",Wide manuscript and cultic influence,Popular Christian ascetic/martyr romance,"Thecla hears Paul, rejects marriage, survives martyrdom, baptizes herself in crisis",Wide manuscript and cultic influence,Tertullian says presbyter fabricated Acts of Paul; female authority/asceticism contested,Expands Pauline mission,Elliott; Barrier; Burke,"Major for women, asceticism, baptism, martyrdom",2
NTA-A-002,Acts of Peter,,new-testament-apocrypha-acts-epistles-apocalypses,late 2nd c. CE; medium,medium,Greek/Latin fragments,Patristic notices; Vercelli Acts,Apocryphal apostolic acts,Peter contests Simon Magus; martyrdom upside down,Patristic notices; Vercelli Acts,"Legendary, encratite/heterodox elements",Expands Acts and Peter traditions,Elliott; Schneemelcher,Source of Peter’s upside-down crucifixion,2
NTA-A-003,Acts of John,,new-testament-apocrypha-acts-epistles-apocalypses,2nd c. CE; medium,medium,Greek fragments; Latin,Known and condemned; manuscript fragments,"Apocryphal apostolic acts, often docetic/encratite",John’s miracles; hymn/dance of Jesus; docetic passion,Known and condemned; manuscript fragments,Docetic theology; condemned at Nicaea II for some passages,Expands Johannine tradition,Elliott; Schneemelcher,Key for non-mainstream Christology and ritual hymn,2
NTA-A-004,Acts of Thomas,,new-testament-apocrypha-acts-epistles-apocalypses,early 3rd c. CE; medium-high,high,"Syriac, Greek",Wide Syriac/Greek transmission; East Syrian influence,Syriac Christianity/Thomas tradition,Thomas evangelizes India; asceticism; Hymn of the Pearl,Wide Syriac/Greek transmission; East Syrian influence,Encratite tendencies; legendary apostolic romance,Expands Thomas mission,Elliott; Klijn,Major for Syriac Christianity and soul-descent myth,2
NTA-A-005,Acts of Andrew,,new-testament-apocrypha-acts-epistles-apocalypses,2nd–3rd c. CE; medium,medium,"Greek fragments, Latin",Patristic notices; later versions,Apocryphal apostolic acts,"Andrew’s travels, miracles, martyrdom",Patristic notices; later versions,Legendary/encratite; non-apostolic,Expands apostolic mission genre,Elliott,Shows ascetic apostolic ideal,2
NTA-AP-001,Apocalypse of Peter,,new-testament-apocrypha-acts-epistles-apocalypses,c. 125–150 CE; medium-high,high,Greek fragments; Ethiopic,Muratorian Fragment accepts for some; Codex Claromontanus list; Akhmim fragment,Early Christian apocalypse,Tours of heaven/hell; punishments for sins; sometimes universalist variants,Muratorian Fragment accepts for some; Codex Claromontanus list; Akhmim fragment,"Disputed, graphic otherworld tour; not universally received",Influences later hell imagery; parallels Revelation,Elliott; Buchholz,Major source for Christian heaven/hell imagination,2
NTA-AP-002,Apocalypse of Paul,Visio Pauli,new-testament-apocrypha-acts-epistles-apocalypses,3rd–4th c. CE; medium-high,high,"Greek, Latin, Syriac, many vernaculars",Extremely popular medieval transmission,Christian otherworld journey,Paul tours heavens and hells; intercession for damned in some versions,Extremely popular medieval transmission,"Late pseudepigraphy; visionary expansion, not apostolic canon",Builds on 2 Cor 12,Elliott; Silverstein-Hilhorst,Huge influence on medieval afterlife literature,2
NTA-AP-003,Epistula Apostolorum,,new-testament-apocrypha-acts-epistles-apocalypses,c. 140–170 CE; medium,medium,"Ethiopic, Coptic, Latin fragments",Multilingual transmission,Proto-orthodox anti-gnostic dialogue,"Risen Jesus teaches apostles; incarnation, resurrection, eschatology",Multilingual transmission,"Pseudonymous, late, anti-heretical manual not apostolic scripture",Harmonizes gospel/Acts; anti-gnostic,Hills; Elliott,Shows proto-orthodox apocrypha could also be anti-gnostic,2
NTA-E-001,3 Corinthians,,new-testament-apocrypha-acts-epistles-apocalypses,2nd c. CE; medium,medium,"Armenian, Latin, Syriac; Greek fragments",Included in Armenian Bible for a time; part of Acts of Paul,Anti-gnostic Pauline pseudepigraphy,"Corinthian letter to Paul and Paul’s reply defending creation, resurrection, prophets",Included in Armenian Bible for a time; part of Acts of Paul,Pseudepigraphic; rejected in broader canon,Imitates Pauline epistle; anti-docetic,Elliott; Armenian editions,Shows canon pressure created Pauline-like countertexts,2
NTA-E-002,Epistle to the Laodiceans,,new-testament-apocrypha-acts-epistles-apocalypses,4th c. CE Latin? medium,medium,Latin,Many Vulgate manuscripts; medieval use,Western Christian pseudepigraphy,Patchwork Pauline-sounding letter,Many Vulgate manuscripts; medieval use,Late compilation; no Greek apostolic basis; rejected by Jerome-ish tradition,Responds to Col 4:16 “letter from Laodicea”,Elliott; Vulgate appendix,Evidence of attempts to fill canonical gaps,2
NTA-E-003,Correspondence of Paul and Seneca,,new-testament-apocrypha-acts-epistles-apocalypses,4th c. CE; medium,medium,Latin,Widely copied in medieval West; Jerome/Augustine mention,Christian apologetic/pseudepigraphic,Friendly letters between Paul and philosopher Seneca,Widely copied in medieval West; Jerome/Augustine mention,Late forgery; not apostolic,Connects Paul to Roman philosophy,Elliott,Shows desire to validate Christianity via classical authority,2
NTA-G-001,Gospel of Thomas,,new-testament-apocrypha-gospels,c. 2nd c. CE final; some sayings may be early; debated,low,Coptic complete; Greek Oxyrhynchus fragments,Nag Hammadi codex; Greek papyri; patristic notices,Syrian/Thomasine; later Nag Hammadi,114 sayings of Jesus; salvation by discovering hidden interpretation,Nag Hammadi codex; Greek papyri; patristic notices,"Sayings-only, esoteric, associated with heterodox groups; no passion/resurrection narrative","Parallels Synoptic sayings, independent variants debated",Nag Hammadi Library; Layton; Gathercole,Major witness to sayings tradition and nonnarrative Jesus devotion,2
NTA-G-002,Gospel of Peter,,new-testament-apocrypha-gospels,c. 2nd c. CE; medium,medium,Greek fragment Akhmim; Oxyrhynchus?,Serapion of Antioch reports use at Rhossus; manuscript fragment,Early Christian passion gospel,Passion/resurrection with dramatic cross and anti-Jewish blame,Serapion of Antioch reports use at Rhossus; manuscript fragment,Suspected docetism; non-apostolic/limited use,Parallels canonical Passion narratives,Ehrman/Pleše; Elliott,Important for passion tradition development,2
NTA-G-003,Protoevangelium of James,Infancy Gospel of James,new-testament-apocrypha-gospels,mid-2nd c. CE; high,high,Greek; many versions,Very wide manuscript/versional and liturgical/art influence,Early Christian Marian infancy,"Birth and purity of Mary, Joseph, midwife, birth of Jesus in cave",Very wide manuscript/versional and liturgical/art influence,"Late, legendary, doctrinally influential but non-apostolic",Expands Matthew/Luke infancy narratives,Elliott; Burke; public translations,"Source for Marian traditions: parents Joachim/Anna, perpetual virginity imagery",2
NTA-G-004,Infancy Gospel of Thomas,,new-testament-apocrypha-gospels,2nd c. CE; medium,medium,"Greek, Syriac, Latin, Slavonic, etc.",Wide manuscript tradition,Popular Christian infancy legend,"Child Jesus performs miracles, sometimes punitive, learns/teaches",Wide manuscript tradition,Legendary portrayal troubling; late infancy expansion,Fills gap between Luke 2 and ministry,Elliott; Burke,Shows popular curiosity about divine childhood,2
NTA-G-005,Gospel of Mary,,new-testament-apocrypha-gospels,2nd c. CE; medium,medium,"Coptic, Greek fragments",Berlin Codex and Greek fragments,"Early Christian, often Gnostic-adjacent",Post-resurrection dialogue; Mary’s vision; conflict with Peter/Andrew,Berlin Codex and Greek fragments,"Fragmentary, Mary’s authority, esoteric revelation; limited circulation","Related to post-resurrection dialogues, discipleship conflict",King; Tuckett; Nag Hammadi-adjacent editions,"Key for gender, revelation, authority debates",2
NTA-G-006,Gospel of Judas,,new-testament-apocrypha-gospels,mid-2nd c. CE; medium,medium,Coptic codex; Irenaeus notice likely,Irenaeus mentions a Gospel of Judas; Coptic Codex Tchacos,Sethian/gnostic Christian,Jesus privately instructs Judas; critique of apostolic sacrifice; Judas’s role reinterpreted,Irenaeus mentions a Gospel of Judas; Coptic Codex Tchacos,Associated with condemned gnostic group; anti-mainstream theology,Reverses canonical Judas tradition,Critical edition by Kasser/Meyer/Wurst; National Geographic edition,Important for dissenting soteriology and anti-sacrificial polemic,2
NTA-G-007,Gospel of Philip,,new-testament-apocrypha-gospels,3rd c. CE? medium,medium,Coptic Nag Hammadi,Nag Hammadi; Valentinian context,Valentinian Christian,"Sacraments, bridal chamber, symbolic sayings, Mary Magdalene traditions",Nag Hammadi; Valentinian context,Esoteric sacramental Valentinian theology,"Reuses NT names/themes, not narrative gospel",Nag Hammadi Library; Layton,Evidence for Valentinian ritual theology,2
NTA-G-008,Gospel of Truth,,new-testament-apocrypha-gospels,c. 140–180 CE; medium-high,high,Coptic Nag Hammadi; Valentinian,Irenaeus may know it; Nag Hammadi copies,Valentinian homily/meditation,"Ignorance, error, Father’s name, Son revealing knowledge",Irenaeus may know it; Nag Hammadi copies,Valentinian theology rejected by proto-orthodox bishops,Uses Johannine/Pauline idiom,Nag Hammadi Library; Layton,Classic Valentinian theology of revelation,2
NTA-G-009,"Jewish-Christian Gospels: Hebrews, Nazarenes, Ebionites",,new-testament-apocrypha-gospels,2nd c. CE fragments; low-medium,low-medium,Greek fragments preserved in patristic quotations; maybe Semitic traditions,"Quoted by Jerome, Epiphanius, Origen etc.",Jewish-Christian groups,"Alternative gospel traditions emphasizing Hebrew/Aramaic context, Spirit, vegetarian/anti-sacrifice themes in Ebionite fragments","Quoted by Jerome, Epiphanius, Origen etc.","Fragmentary, group-specific, associated with marginalized Jewish-Christian communities",Related to Matthew and synoptic traditions,Schneemelcher; Klijn; Elliott,Important for diversity of Jewish Christianity,2
NTA-G-010,Egerton Gospel,Unknown Gospel,new-testament-apocrypha-gospels,c. 2nd c. CE manuscript; medium,medium,Greek papyrus,Early papyrus fragment,Early Christian gospel fragment,Jesus controversies and miracle-like episodes with Johannine/Synoptic echoes,Early papyrus fragment,Fragmentary; no known community/canon status,Parallels John/Synoptics but independent? debated,Papyrus editions; Ehrman/Pleše,Shows early gospel-like textual fluidity,2
NTA-G-011,Secret Gospel of Mark,,new-testament-apocrypha-gospels,Claimed Clement letter; authenticity highly disputed,high,Greek text known from modern photographs/transcription,Evidence contested; no ancient manuscript accessible,Alleged Alexandrian Christian,Longer Markan passage used for advanced instruction,Evidence contested; no ancient manuscript accessible,Disputed authenticity; excluded as unreliable/borderline,Allegedly expands Mark,Smith; Carlson; Brown debates,"Research gap/borderline; include only as disputed case, not established text",2
PSE-001,1 Enoch,Ethiopic Enoch,jewish-pseudepigrapha-apocalyptic,Composite 3rd c. BCE–1st c. CE; high for parts via Qumran,high,"Aramaic fragments, Greek, Ethiopic",Many Qumran fragments; quoted in Jude 14–15; Ethiopic canon,Enochic Jewish apocalyptic; Eth canonical,"Watchers, heavenly journeys, astronomy, dream visions, Son of Man-like figure, final judgment",Many Qumran fragments; quoted in Jude 14–15; Ethiopic canon,Watcher myth and calendrical/apocalyptic traditions marginalized in rabbinic/most Christian canon; Eth canonical,Expands Genesis 5–6; influences Daniel/Jude/Revelation themes,Charlesworth; Nickelsburg-VanderKam; Ethiopic editions; DSS,"Foundational for angels, demons, judgment, cosmic geography",2
PSE-002,Jubilees,Little Genesis,jewish-pseudepigrapha-apocalyptic,c. 160–150 BCE; high,high,Hebrew fragments; Ethiopic complete; Latin,Numerous Qumran copies; Ethiopic canon,Jewish rewritten Torah; Qumran; Eth canonical,Genesis–Exodus retold in jubilees; angelic revelation to Moses; 364-day calendar; strict law,Numerous Qumran copies; Ethiopic canon,Alternative calendar/legal positions; excluded Tanakh/most Christian,Rewrites Genesis/Exodus as heavenly tablets,VanderKam; Charlesworth; DSS,Shows Torah as angelically mediated cosmic chronology,2
PSE-003,Testaments of the Twelve Patriarchs,,jewish-pseudepigrapha-apocalyptic,Core Jewish 2nd–1st c. BCE? Christian redaction debated; medium,medium,Greek; Armenian/Slavonic; related Hebrew/Aramaic fragments,Wide Christian manuscript tradition; ancient citations,"Jewish ethical testament, Christian transmission","Jacob’s sons give moral exhortations, prophecies, messianic expectations",Wide Christian manuscript tradition; ancient citations,Composite/redacted; not canon; Christian interpolations complicated status,Expands Genesis patriarchs; related to Aramaic Levi,Charlesworth; Hollander-de Jonge,"Important for ethics, demonology, messianism",2
PSE-004,Testament of Moses,Assumption of Moses,jewish-pseudepigrapha-apocalyptic,c. early 1st c. CE; medium,medium,Latin fragment from Greek,Known to ancient writers; possibly alluded to in Jude re Michael dispute,Jewish apocalyptic testament,"Moses predicts Israel’s history, persecution, eschatological vindication",Known to ancient writers; possibly alluded to in Jude re Michael dispute,Fragmentary; pseudonymous; limited transmission,Expands Deuteronomy 31–34,Charlesworth; Tromp,Post-Hasmonean apocalyptic historiography,2
PSE-005,Life of Adam and Eve,Apocalypse of Moses,jewish-pseudepigrapha-apocalyptic,1st c. CE core? medium,medium,"Greek, Latin, Armenian, Georgian, Slavonic",Wide multilingual transmission,"Jewish Adam literature, Christian transmission",Adam/Eve after expulsion; repentance; Satan’s envy; death and burial,Wide multilingual transmission,Legendary expansion; not canonical,Expands Genesis 2–5; parallels Paul’s Adam themes indirectly,Charlesworth; Stone,"Source for fall, Satan, death traditions",2
PSE-006,Psalms of Solomon,,jewish-pseudepigrapha-apocalyptic,mid-1st c. BCE; medium-high,high,Greek; Syriac,Manuscript transmission in Christian circles; known collection,Pharisaic-leaning Jewish?,"Psalms lamenting Jerusalem, Pompey, sinners; Davidic messiah",Manuscript transmission in Christian circles; known collection,Too recent/political; not biblical Psalter,Imitates Psalms; messianic son of David,R.B. Wright in Charlesworth; critical editions,Key pre-Christian messianic expectation source,2
PSE-007,Odes of Solomon,,jewish-pseudepigrapha-apocalyptic,late 1st–2nd c. CE; medium,medium,"Syriac, Greek, Coptic fragments",Syriac manuscript tradition; citations?,Jewish-Christian or early Christian hymnic,"Mystical hymns of knowledge, living water, divine love, salvation",Syriac manuscript tradition; citations?,Sectarian/uncertain origin; outside liturgical canon,"Echoes Psalms, Johannine language",Charlesworth; Lattke,Important for early mystical soteriology,2
PSE-008,"Sibylline Oracles, Jewish",Christian books,jewish-pseudepigrapha-apocalyptic,2nd c. BCE–7th c. CE layers; medium,medium,Greek,Quoted by Christians; manuscripts,Jewish and Christian prophetic pseudepigraphy,"Pagan Sibyl prophesies monotheism, judgment, empires, messiah",Quoted by Christians; manuscripts,Pseudonymous pagan frame; composite; not canon,"Reworks prophets, Daniel, classical oracles",Collins; Charlesworth,Shows apologetic monotheism in Greco-Roman idiom,2
PSE-009,Apocalypse of Abraham,,jewish-pseudepigrapha-apocalyptic,c. 70–150 CE; medium,medium,Old Church Slavonic; Greek lost,Slavonic preservation; possible ancient Jewish origins,Jewish apocalyptic,"Abraham rejects idolatry, ascends heaven with angel Yahoel, sees cosmic history",Slavonic preservation; possible ancient Jewish origins,Esoteric pseudepigraphy; limited transmission,Expands Genesis 15; anti-idolatry like Abraham legends,Kulik; Charlesworth,Major angelomorphic and anti-idol apocalypse,2
PSE-010,2 Baruch,Syriac Apocalypse of Baruch,jewish-pseudepigrapha-apocalyptic,c. 100 CE; medium-high,high,Syriac; Greek lost,Syriac manuscripts; close to 4 Ezra,Jewish post-70 apocalypse,"Baruch asks about destruction; visions of history, messianic age, resurrection",Syriac manuscripts; close to 4 Ezra,Post-70 pseudepigraphon; Christian preservation only,"Parallels Jeremiah, Daniel, 4 Ezra",Klijn; Gurtner,Central witness to Jewish theodicy after temple destruction,2
PSE-011,3 Baruch,Greek Apocalypse of Baruch,jewish-pseudepigrapha-apocalyptic,2nd c. CE; medium,medium,"Greek, Slavonic",Greek/Slavonic manuscripts,Jewish/Christian apocalyptic,Baruch tours heavens; vine/Satan traditions; cosmic justice,Greek/Slavonic manuscripts,Mixed transmission; legendary heaven tour,Expands Jeremiah/Baruch traditions,Harlow; Charlesworth,Heavenly cosmology and moral order,2
PSE-012,Ascension of Isaiah,,jewish-pseudepigrapha-apocalyptic,"Jewish martyrdom core + Christian apocalypse, 1st–3rd c. CE; medium",medium,"Ethiopic, Latin, Slavonic, Coptic fragments",Multilingual transmission,Jewish-Christian/early Christian apocalyptic,Isaiah’s martyrdom; ascent through seven heavens; descent/ascent of Beloved,Multilingual transmission,Composite; docetic-sounding Christology in parts; noncanonical,Expands Isaiah; parallels apocalyptic ascent literature,Charlesworth; Norelli,Key for early layered heavens and angelomorphic Christology,2
PSE-013,Joseph and Aseneth,,jewish-pseudepigrapha-apocalyptic,1st c. BCE–2nd c. CE; debated,low,Greek; Syriac/Armenian/Latin,Broad manuscript tradition,Jewish diaspora romance; Christian transmission,"Aseneth converts from idolatry, angelic honeycomb, marries Joseph",Broad manuscript tradition,"Romance/legend, not scripture",Expands Genesis 41,Burchard; Kraemer,"Conversion, divine visitation, marriage symbolism",2
PSE-014,Ladder of Jacob,,jewish-pseudepigrapha-apocalyptic,1st c. CE? low-medium,low-medium,Slavonic; Greek lost,Slavonic manuscript preservation,"Jewish apocalyptic, Christian transmission",Jacob’s ladder vision interpreted cosmologically and historically,Slavonic manuscript preservation,Limited and late transmission,Expands Genesis 28,Charlesworth,Angels and cosmic ascent traditions,2
PSE-015,3 Enoch,Hebrew Book of Enoch,jewish-pseudepigrapha-apocalyptic,5th–6th c. CE? medium-low,low-medium,Hebrew,Hekhalot manuscript tradition,Hekhalot/early Jewish mysticism,Rabbi Ishmael ascends; Enoch transformed into Metatron; heavenly palaces,Hekhalot manuscript tradition,"Late, mystical, not biblical canon; rabbinic circles debated angel exaltation",Expands Enoch traditions and Ezekiel throne visions,Odeberg; Alexander in OTP,"Vital for Metatron and merkavah theology, slightly later than target period",2
REL-001,Samaritan Pentateuch textual tradition,,related-late-antique-corpora,Text form ancient; manuscripts medieval; high,high,Hebrew Samaritan script; Samaritan Aramaic/Arabic translations,Living Samaritan community; ancient textual affinities with pre-Samaritan DSS,Samaritan Israelite,"Torah with distinctive readings, especially Mount Gerizim sanctuary",Living Samaritan community; ancient textual affinities with pre-Samaritan DSS,Not excluded by Samaritans; rejected by rabbinic/Christian canonical textual standard as alternative Torah form,"Tradition-specific relationship to canonical corpora; included as related late-antique textual tradition, alternative scriptural text form, or interpretive/mystical corpus rather than as an extra Protestant NT book.",Tal/Florentin editions; comparative apparatus,Shows “canon” can be same five books but different sacred text form,1
REL-002,Memar Marqah,,related-late-antique-corpora,c. 4th c. CE? medium,medium,Samaritan Aramaic,Central Samaritan theological classic,Samaritan,"Theological homilies on Moses, creation, revelation, Gerizim",Central Samaritan theological classic,Sectarian Samaritan authority outside Jewish/Christian canons,"Tradition-specific relationship to canonical corpora; included as related late-antique textual tradition, alternative scriptural text form, or interpretive/mystical corpus rather than as an extra Protestant NT book.",Macdonald edition,Important for non-rabbinic Israelite theology,1
REL-003,Mandaean Ginza Rabba,,related-late-antique-corpora,Late antique layers; manuscripts later; medium-low for early layers,low-medium,Mandaic,Living Mandaean liturgical/scriptural use,Mandaean gnostic baptist,"Cosmology, prayers, soul ascent, conflict of light/darkness",Living Mandaean liturgical/scriptural use,"Outside Jewish/Christian canon; separate religion, anti-Jewish/anti-Christian polemics","Tradition-specific relationship to canonical corpora; included as related late-antique textual tradition, alternative scriptural text form, or interpretive/mystical corpus rather than as an extra Protestant NT book.",Lidzbarski; Gelbert; modern translations,Related comparative evidence for late antique baptismal gnosis,1
REL-004,Hekhalot Rabbati,Hekhalot literature,related-late-antique-corpora,Core late antique/early medieval; dating debated,low,Hebrew/Aramaic,Manuscript tradition; influence on Jewish mysticism,Jewish merkavah mysticism,"Ascent through heavenly palaces, angelic adjurations, throne vision",Manuscript tradition; influence on Jewish mysticism,Esoteric mystical manuals; not biblical canon,"Tradition-specific relationship to canonical corpora; included as related late-antique textual tradition, alternative scriptural text form, or interpretive/mystical corpus rather than as an extra Protestant NT book.",Schäfer Synopse; Davila,Important continuation of apocalyptic ascent into rabbinic-era mysticism,1
REL-005,Sefer Yetzirah,Book of Formation,related-late-antique-corpora,3rd–6th c. CE? debated,low,Hebrew,Wide medieval Jewish influence,Jewish cosmological/mystical,"Creation through Hebrew letters, numbers/sefirot, cosmic correspondences",Wide medieval Jewish influence,"Speculative treatise, not scripture","Tradition-specific relationship to canonical corpora; included as related late-antique textual tradition, alternative scriptural text form, or interpretive/mystical corpus rather than as an extra Protestant NT book.",Hayman; Gruenwald,"Foundational for later Jewish cosmology/Kabbalah, date debated",1
